{"cameraMode":{"drawMode":0,"name":"Shaded","section":"Shading Mode"},"sceneLighting":true,"audioPlay":false,"sceneViewState":{"showFog":true,"showMaterialUpdate":false,"showSkybox":true,"showFlares":true,"showImageEffects":true,"showParticleSystems":true},"in2DMode":false,"pivot":{"x":11.838064193725586,"y":1.4659334421157838,"z":-30.70501136779785},"rotation":{"x":0.015548642724752427,"y":0.981292724609375,"z":-0.0900396779179573,"w":0.16945594549179078},"size":101.63314819335938,"orthographic":false}