{"cameraMode":{"drawMode":0,"name":"Shaded","section":"Shading Mode"},"sceneLighting":true,"audioPlay":false,"sceneViewState":{"showFog":true,"showMaterialUpdate":false,"showSkybox":true,"showFlares":true,"showImageEffects":true,"showParticleSystems":true},"in2DMode":false,"pivot":{"x":5.055656433105469,"y":10.609132766723633,"z":2.400245189666748},"rotation":{"x":0.10990393906831742,"y":-0.741107165813446,"z":0.12523111701011659,"w":0.6503893136978149},"size":10.897961616516114,"orthographic":false}