{"cameraMode":{"drawMode":0,"name":"Shaded","section":"Shading Mode"},"sceneLighting":true,"audioPlay":false,"sceneViewState":{"showFog":true,"showMaterialUpdate":false,"showSkybox":true,"showFlares":true,"showImageEffects":true,"showParticleSystems":true},"in2DMode":false,"pivot":{"x":5.692626953125,"y":8.798158645629883,"z":2.3881781101226808},"rotation":{"x":0.10990393906831742,"y":-0.741107165813446,"z":0.12523111701011659,"w":0.6503893136978149},"size":19.955812454223634,"orthographic":false}